date,relative_trading_day,close,normalized_price,ticker,company,symbol_type
2026-01-20,-7,246.46937561035156,0.9551649613081902,AAPL,Apple,stock
2026-01-21,-6,247.41848754882812,0.9588431402533314,AAPL,Apple,stock
2026-01-22,-5,248.1178436279297,0.9615534178307443,AAPL,Apple,stock
2026-01-23,-4,247.80812072753906,0.960353120790046,AAPL,Apple,stock
2026-01-26,-3,255.17123413085938,0.988888057074012,AAPL,Apple,stock
2026-01-27,-2,258.0285339355469,0.9999612082540793,AAPL,Apple,stock
2026-01-28,-1,256.2002868652344,0.9928760377826874,AAPL,Apple,stock
2026-01-29,0,258.0385437011719,1.0,AAPL,Apple,stock
2026-01-30,1,259.2374267578125,1.0046461394466286,AAPL,Apple,stock
2026-02-02,2,269.7575988769531,1.0454159096067168,AAPL,Apple,stock
2026-02-03,3,269.22808837890625,1.043363849901016,AAPL,Apple,stock
2026-02-04,4,276.23150634765625,1.0705048260834753,AAPL,Apple,stock
2026-02-05,5,275.6520690917969,1.0682592807182434,AAPL,Apple,stock
2026-02-06,6,277.8599853515625,1.0768158173817062,AAPL,Apple,stock
2026-02-09,7,274.6199951171875,1.0642595915252808,AAPL,Apple,stock
2026-02-10,8,273.67999267578125,1.0606167154342778,AAPL,Apple,stock
2026-02-11,9,275.5,1.0676699536757959,AAPL,Apple,stock
2026-02-12,10,261.7300109863281,1.01430587551847,AAPL,Apple,stock
2026-02-13,11,255.77999877929688,0.9912472575240908,AAPL,Apple,stock
2026-02-17,12,263.8800048828125,1.0226379404326722,AAPL,Apple,stock
2026-02-18,13,264.3500061035156,1.0244593784781737,AAPL,Apple,stock
2026-02-19,14,260.5799865722656,1.009849082368241,AAPL,Apple,stock
2026-02-20,15,264.5799865722656,1.0253506424942052,AAPL,Apple,stock
2026-02-23,16,266.17999267578125,1.0315512901980946,AAPL,Apple,stock
2026-02-24,17,272.1400146484375,1.0546486999383944,AAPL,Apple,stock
2026-02-25,18,274.2300109863281,1.0627482509121087,AAPL,Apple,stock
2026-02-26,19,272.95001220703125,1.057787756402501,AAPL,Apple,stock
2026-02-27,20,264.17999267578125,1.0238005101351124,AAPL,Apple,stock
2026-03-02,21,264.7200012207031,1.0258932538670227,AAPL,Apple,stock
2026-03-03,22,263.75,1.0221341208057755,AAPL,Apple,stock
2026-03-04,23,262.5199890136719,1.017367348490735,AAPL,Apple,stock
2026-03-05,24,260.2900085449219,1.0087253044117215,AAPL,Apple,stock
2026-03-06,25,257.4599914550781,0.9977578843927914,AAPL,Apple,stock
2026-03-09,26,259.8800048828125,1.007136380306708,AAPL,Apple,stock
2026-03-10,27,260.8299865722656,1.0108179298761135,AAPL,Apple,stock
2026-03-11,28,260.80999755859375,1.0107404646517903,AAPL,Apple,stock
2026-03-12,29,255.75999450683594,0.9911697331660084,AAPL,Apple,stock
2026-03-13,30,250.1199951171875,0.9693125357537491,AAPL,Apple,stock
2026-01-16,-7,437.5,1.013999000288653,TSLA,Tesla,stock
2026-01-20,-6,419.25,0.9717007562766121,TSLA,Tesla,stock
2026-01-21,-5,431.44000244140625,0.9999536712231314,TSLA,Tesla,stock
2026-01-22,-4,449.3599853515625,1.0414870306656185,TSLA,Tesla,stock
2026-01-23,-3,449.05999755859375,1.0407917453578035,TSLA,Tesla,stock
2026-01-26,-2,435.20001220703125,1.0086682909795184,TSLA,Tesla,stock
2026-01-27,-1,430.8999938964844,0.9987020869381071,TSLA,Tesla,stock
2026-01-28,0,431.4599914550781,1.0,TSLA,Tesla,stock
2026-01-29,1,416.55999755859375,0.9654661053363607,TSLA,Tesla,stock
2026-01-30,2,430.4100036621094,0.99756643069169,TSLA,Tesla,stock
2026-02-02,3,421.80999755859375,0.9776340933398245,TSLA,Tesla,stock
2026-02-03,4,421.9599914550781,0.9779817359937321,TSLA,Tesla,stock
2026-02-04,5,406.010009765625,0.9410142720217829,TSLA,Tesla,stock
2026-02-05,6,397.2099914550781,0.9206183639774026,TSLA,Tesla,stock
2026-02-06,7,411.1099853515625,0.9528345466403821,TSLA,Tesla,stock
2026-02-09,8,417.32000732421875,0.9672275890907684,TSLA,Tesla,stock
2026-02-10,9,425.2099914550781,0.9855142999958764,TSLA,Tesla,stock
2026-02-11,10,428.2699890136719,0.9926064930594187,TSLA,Tesla,stock
2026-02-12,11,417.07000732421875,0.9666481610906035,TSLA,Tesla,stock
2026-02-13,12,417.44000244140625,0.9675057032138944,TSLA,Tesla,stock
2026-02-17,13,410.6300048828125,0.9517220901478779,TSLA,Tesla,stock
2026-02-18,14,411.32000732421875,0.9533213170868098,TSLA,Tesla,stock
2026-02-19,15,411.7099914550781,0.9542251879869694,TSLA,Tesla,stock
2026-02-20,16,411.82000732421875,0.9544801730871396,TSLA,Tesla,stock
2026-02-23,17,399.8299865722656,0.926690758102178,TSLA,Tesla,stock
2026-02-24,18,409.3800048828125,0.9488249501470531,TSLA,Tesla,stock
2026-02-25,19,417.3999938964844,0.9674129749292001,TSLA,Tesla,stock
2026-02-26,20,408.5799865722656,0.9469707381079512,TSLA,Tesla,stock
2026-02-27,21,402.510009765625,0.9329022800194736,TSLA,Tesla,stock
2026-03-02,22,403.32000732421875,0.9347796210815315,TSLA,Tesla,stock
2026-03-03,23,392.42999267578125,0.9095397034434871,TSLA,Tesla,stock
2026-03-04,24,405.94000244140625,0.940852015206307,TSLA,Tesla,stock
2026-03-05,25,405.54998779296875,0.9399480735751903,TSLA,Tesla,stock
2026-03-06,26,396.7300109863281,0.9195059074848984,TSLA,Tesla,stock
2026-03-09,27,398.67999267578125,0.9240254034476107,TSLA,Tesla,stock
2026-03-10,28,399.239990234375,0.9253233165095036,TSLA,Tesla,stock
2026-03-11,29,407.82000732421875,0.9452093250845005,TSLA,Tesla,stock
2026-03-12,30,395.010009765625,0.9155194400145253,TSLA,Tesla,stock
2026-02-13,-7,182.80010986328125,0.9348026760665149,NVDA,Nvidia,stock
2026-02-17,-6,184.95999145507812,0.9458478723385992,NVDA,Nvidia,stock
2026-02-18,-5,187.96981811523438,0.9612395152567285,NVDA,Nvidia,stock
2026-02-19,-4,187.88983154296875,0.9608304801535262,NVDA,Nvidia,stock
2026-02-20,-3,189.8097381591797,0.9706484930856525,NVDA,Nvidia,stock
2026-02-23,-2,191.53964233398438,0.9794948720793825,NVDA,Nvidia,stock
2026-02-24,-1,192.83956909179688,0.986142433794758,NVDA,Nvidia,stock
2026-02-25,0,195.54940795898438,1.0,NVDA,Nvidia,stock
2026-02-26,1,184.87998962402344,0.9454387592050455,NVDA,Nvidia,stock
2026-02-27,2,177.180419921875,0.9060647218069707,NVDA,Nvidia,stock
2026-03-02,3,182.47012329101562,0.933115191682339,NVDA,Nvidia,stock
2026-03-03,4,180.04025268554688,0.9206893263686563,NVDA,Nvidia,stock
2026-03-04,5,183.03009033203125,0.9359787495261607,NVDA,Nvidia,stock
2026-03-05,6,183.330078125,0.9375128262390479,NVDA,Nvidia,stock
2026-03-06,7,177.8103790283203,0.9092862048736822,NVDA,Nvidia,stock
2026-03-09,8,182.64010620117188,0.9339844497994074,NVDA,Nvidia,stock
2026-03-10,9,184.760009765625,0.9448252065502423,NVDA,Nvidia,stock
2026-03-11,10,186.02999877929688,0.9513196727157356,NVDA,Nvidia,stock
2026-03-12,11,183.13999938964844,0.9365408021488935,NVDA,Nvidia,stock
2026-03-13,12,180.25,0.9217619315820513,NVDA,Nvidia,stock
2026-03-16,13,183.22000122070312,0.9369499152824472,NVDA,Nvidia,stock
2026-03-17,14,181.92999267578125,0.930353073295626,NVDA,Nvidia,stock
2026-03-18,15,180.39999389648438,0.9225289699384949,NVDA,Nvidia,stock
2026-03-19,16,178.55999755859375,0.9131196019578127,NVDA,Nvidia,stock
2026-03-20,17,172.6999969482422,0.8831527476905747,NVDA,Nvidia,stock
2026-03-23,18,175.63999938964844,0.8981873237196819,NVDA,Nvidia,stock
2026-03-24,19,175.1999969482422,0.8959372405003119,NVDA,Nvidia,stock
2026-03-25,20,178.67999267578125,0.9137332326429676,NVDA,Nvidia,stock
2026-03-26,21,171.24000549316406,0.8756866475866851,NVDA,Nvidia,stock
2026-03-27,22,167.52000427246094,0.856663316043368,NVDA,Nvidia,stock
2026-03-30,23,165.1699981689453,0.8446458615900744,NVDA,Nvidia,stock
2026-03-31,24,174.39999389648438,0.8918461871951257,NVDA,Nvidia,stock
2026-04-01,25,175.75,0.8987498445245244,NVDA,Nvidia,stock
2026-04-02,26,177.38999938964844,0.9071364686864979,NVDA,Nvidia,stock
2026-04-06,27,177.63999938964844,0.9084149179674716,NVDA,Nvidia,stock
2026-04-07,28,178.10000610351562,0.910767298977818,NVDA,Nvidia,stock
2026-04-08,29,182.0800018310547,0.9311201896824212,NVDA,Nvidia,stock
2026-04-09,30,183.91000366210938,0.940478447782791,NVDA,Nvidia,stock
2026-01-23,-7,259.67999267578125,1.0725702863208306,AMD,Advanced Micro Devices,stock
2026-01-26,-6,251.30999755859375,1.0379992438356502,AMD,Advanced Micro Devices,stock
2026-01-27,-5,252.02999877929688,1.0409731037294507,AMD,Advanced Micro Devices,stock
2026-01-28,-4,252.74000549316406,1.0439056827723538,AMD,Advanced Micro Devices,stock
2026-01-29,-3,252.17999267578125,1.0415926316139092,AMD,Advanced Micro Devices,stock
2026-01-30,-2,236.72999572753906,0.9777786755224911,AMD,Advanced Micro Devices,stock
2026-02-02,-1,246.27000427246094,1.017182287603247,AMD,Advanced Micro Devices,stock
2026-02-03,0,242.11000061035156,1.0,AMD,Advanced Micro Devices,stock
2026-02-04,1,200.19000244140625,0.826855569521018,AMD,Advanced Micro Devices,stock
2026-02-05,2,192.5,0.7950931374776492,AMD,Advanced Micro Devices,stock
2026-02-06,3,208.44000244140625,0.8609309896986315,AMD,Advanced Micro Devices,stock
2026-02-09,4,216.0,0.8921564555593363,AMD,Advanced Micro Devices,stock
2026-02-10,5,213.57000732421875,0.8821197256859097,AMD,Advanced Micro Devices,stock
2026-02-11,6,213.5800018310547,0.882161006536807,AMD,Advanced Micro Devices,stock
2026-02-12,7,205.94000244140625,0.8506051047963243,AMD,Advanced Micro Devices,stock
2026-02-13,8,207.32000732421875,0.8563050134301419,AMD,Advanced Micro Devices,stock
2026-02-17,9,203.0800018310547,0.8387922899471171,AMD,Advanced Micro Devices,stock
2026-02-18,10,200.1199951171875,0.8265664144921374,AMD,Advanced Micro Devices,stock
2026-02-19,11,203.3699951171875,0.8399900648651367,AMD,Advanced Micro Devices,stock
2026-02-20,12,200.14999389648438,0.8266903200690291,AMD,Advanced Micro Devices,stock
2026-02-23,13,196.60000610351562,0.8120276139271129,AMD,Advanced Micro Devices,stock
2026-02-24,14,213.83999633789062,0.883234875877935,AMD,Advanced Micro Devices,stock
2026-02-25,15,210.86000061035156,0.8709264387211608,AMD,Advanced Micro Devices,stock
2026-02-26,16,203.67999267578125,0.8412704645091509,AMD,Advanced Micro Devices,stock
2026-02-27,17,200.2100067138672,0.8269381942470124,AMD,Advanced Micro Devices,stock
2026-03-02,18,198.6199951171875,0.8203708835507532,AMD,Advanced Micro Devices,stock
2026-03-03,19,190.9499969482422,0.7886910762333789,AMD,Advanced Micro Devices,stock
2026-03-04,20,202.07000732421875,0.8346206551352969,AMD,Advanced Micro Devices,stock
2026-03-05,21,199.4499969482422,0.8237990849012231,AMD,Advanced Micro Devices,stock
2026-03-06,22,192.42999267578125,0.7948039824487687,AMD,Advanced Micro Devices,stock
2026-03-09,23,202.67999267578125,0.837140110548228,AMD,Advanced Micro Devices,stock
2026-03-10,24,203.22999572753906,0.8394118178315755,AMD,Advanced Micro Devices,stock
2026-03-11,25,204.8300018310547,0.846020409378732,AMD,Advanced Micro Devices,stock
2026-03-12,26,197.74000549316406,0.816736214921597,AMD,Advanced Micro Devices,stock
2026-03-13,27,193.38999938964844,0.7987691499819026,AMD,Advanced Micro Devices,stock
2026-03-16,28,196.5800018310547,0.8119449892011185,AMD,Advanced Micro Devices,stock
2026-03-17,29,196.30999755859375,0.8108297759848934,AMD,Advanced Micro Devices,stock
2026-03-18,30,199.4600067138672,0.8238404287763202,AMD,Advanced Micro Devices,stock
2026-02-24,-7,324.8086242675781,0.9781229974393875,AVGO,Broadcom,stock
2026-02-25,-6,331.6143798828125,0.9986177305987172,AVGO,Broadcom,stock
2026-02-26,-5,321.0265808105469,0.9667338180695998,AVGO,Broadcom,stock
2026-02-27,-4,318.8810729980469,0.9602728734523679,AVGO,Broadcom,stock
2026-03-02,-3,318.1526184082031,0.9580792180698388,AVGO,Broadcom,stock
2026-03-03,-2,313.18304443359375,0.9431139301160395,AVGO,Broadcom,stock
2026-03-04,-1,316.86529541015625,0.9542025961594397,AVGO,Broadcom,stock
2026-03-05,0,332.0733947753906,1.0,AVGO,Broadcom,stock
2026-03-06,1,329.7882080078125,0.9931184286259254,AVGO,Broadcom,stock
2026-03-09,2,345.0262451171875,1.039005986464402,AVGO,Broadcom,stock
2026-03-10,3,341.86285400390625,1.0294798059180172,AVGO,Broadcom,stock
2026-03-11,4,340.85498046875,1.026444713221603,AVGO,Broadcom,stock
2026-03-12,5,335.2667236328125,1.009616334544301,AVGO,Broadcom,stock
2026-03-13,6,321.4856262207031,0.9681161793709824,AVGO,Broadcom,stock
2026-03-16,7,324.2398681640625,0.9764102552791782,AVGO,Broadcom,stock
2026-03-17,8,320.63739013671875,0.9655618160966885,AVGO,Broadcom,stock
2026-03-18,9,315.2686462402344,0.9493944748373391,AVGO,Broadcom,stock
2026-03-19,10,319.17047119140625,0.9611443620988916,AVGO,Broadcom,stock
2026-03-20,11,309.8600158691406,0.9331070201475345,AVGO,Broadcom,stock
2026-03-23,12,322.510009765625,0.9712009900213953,AVGO,Broadcom,stock
2026-03-24,13,318.2900085449219,0.9584929523191955,AVGO,Broadcom,stock
2026-03-25,14,318.80999755859375,0.9600588381199041,AVGO,Broadcom,stock
2026-03-26,15,309.4200134277344,0.9317820045084351,AVGO,Broadcom,stock
2026-03-27,16,300.67999267578125,0.905462459222777,AVGO,Broadcom,stock
2026-03-30,17,293.4100036621094,0.8835697417450965,AVGO,Broadcom,stock
2026-03-31,18,309.510009765625,0.9320530179027827,AVGO,Broadcom,stock
2026-04-01,19,313.489990234375,0.9440382613199556,AVGO,Broadcom,stock
2026-04-02,20,314.54998779296875,0.9472303193868499,AVGO,Broadcom,stock
2026-04-06,21,314.42999267578125,0.9468689681943864,AVGO,Broadcom,stock
2026-04-07,22,333.9700012207031,1.0057114074031597,AVGO,Broadcom,stock
2026-04-08,23,350.6300048828125,1.0558810503924088,AVGO,Broadcom,stock
2026-04-09,24,354.9100036621094,1.0687697636908404,AVGO,Broadcom,stock
2026-04-10,25,371.54998779296875,1.1188791202146124,AVGO,Broadcom,stock
2026-04-13,26,379.75,1.143572493234085,AVGO,Broadcom,stock
2026-04-14,27,380.7799987792969,1.1466742135028634,AVGO,Broadcom,stock
2026-04-15,28,396.7200012207031,1.1946756574372315,AVGO,Broadcom,stock
2026-04-16,29,398.4700012207031,1.1999455767608909,AVGO,Broadcom,stock
2026-04-17,30,406.5400085449219,1.2242474553551612,AVGO,Broadcom,stock
2025-12-08,-7,246.71664428710938,1.094891778280518,MU,Micron Technology,stock
2025-12-09,-6,252.21212768554688,1.1192799163731564,MU,Micron Technology,stock
2025-12-10,-5,263.4927978515625,1.169341853029086,MU,Micron Technology,stock
2025-12-11,-4,258.24713134765625,1.1460623651642758,MU,Micron Technology,stock
2025-12-12,-3,240.94140625,1.069262130703578,MU,Micron Technology,stock
2025-12-15,-2,237.3043975830078,1.0531216270965709,MU,Micron Technology,stock
2025-12-16,-1,232.31849670410156,1.0309949404459398,MU,Micron Technology,stock
2025-12-17,0,225.3342742919922,1.0,MU,Micron Technology,stock
2025-12-18,1,248.34530639648438,1.1021195385246811,MU,Micron Technology,stock
2025-12-19,2,265.7010192871094,1.1791416113769237,MU,Micron Technology,stock
2025-12-22,3,276.3622131347656,1.2264544042538799,MU,Micron Technology,stock
2025-12-23,4,276.04248046875,1.2250354782293316,MU,Micron Technology,stock
2025-12-24,5,286.4438781738281,1.271195334459635,MU,Micron Technology,stock
2025-12-26,6,284.5554504394531,1.2628147730012926,MU,Micron Technology,stock
2025-12-29,7,294.24639892578125,1.3058217612492076,MU,Micron Technology,stock
2025-12-30,8,292.5071105957031,1.2981030582887145,MU,Micron Technology,stock
2025-12-31,9,285.2901611328125,1.26607530980009,MU,Micron Technology,stock
2026-01-02,10,315.2875671386719,1.399199336760091,MU,Micron Technology,stock
2026-01-05,11,312.0189208984375,1.3846935708241073,MU,Micron Technology,stock
2026-01-06,12,343.2857666015625,1.523451182383052,MU,Micron Technology,stock
2026-01-07,13,339.40740966796875,1.5062396110596055,MU,Micron Technology,stock
2026-01-08,14,326.8826599121094,1.4506566341901852,MU,Micron Technology,stock
2026-01-09,15,344.9450988769531,1.530815052263053,MU,Micron Technology,stock
2026-01-12,16,345.7247619628906,1.534275081095272,MU,Micron Technology,stock
2026-01-13,17,337.9880065917969,1.4999405112860282,MU,Micron Technology,stock
2026-01-14,18,333.21002197265625,1.4787365260771503,MU,Micron Technology,stock
2026-01-15,19,336.4886474609375,1.4932865784319587,MU,Micron Technology,stock
2026-01-16,20,362.5976867675781,1.6091546122172145,MU,Micron Technology,stock
2026-01-20,21,364.84674072265625,1.6191355792145552,MU,Micron Technology,stock
2026-01-21,22,388.94659423828125,1.7260871452439468,MU,Micron Technology,stock
2026-01-22,23,397.41302490234375,1.7636599054938658,MU,Micron Technology,stock
2026-01-23,24,399.482177734375,1.7728424980600992,MU,Micron Technology,stock
2026-01-26,25,388.9266052246094,1.7259984369738237,MU,Micron Technology,stock
2026-01-27,26,410.0677185058594,1.8198195538353223,MU,Micron Technology,stock
2026-01-28,27,435.09722900390625,1.9308967993040396,MU,Micron Technology,stock
2026-01-29,28,435.6070251464844,1.933159198773361,MU,Micron Technology,stock
2026-01-30,29,414.7057800292969,1.8404025811533389,MU,Micron Technology,stock
2026-02-02,30,437.61614990234375,1.9420753956642784,MU,Micron Technology,stock
2026-01-06,-7,326.50994873046875,0.9584064143875829,TSM,Taiwan Semiconductor Manufacturing,stock
2026-01-07,-6,317.7845458984375,0.93279469237161,TSM,Taiwan Semiconductor Manufacturing,stock
2026-01-08,-5,317.1164245605469,0.9308335522032527,TSM,Taiwan Semiconductor Manufacturing,stock
2026-01-09,-4,322.72064208984375,0.9472836421578937,TSM,Taiwan Semiconductor Manufacturing,stock
2026-01-12,-3,330.8377685546875,0.9711098872709435,TSM,Taiwan Semiconductor Manufacturing,stock
2026-01-13,-2,330.2793273925781,0.9694706919144017,TSM,Taiwan Semiconductor Manufacturing,stock
2026-01-14,-1,326.19085693359375,0.9574697825143657,TSM,Taiwan Semiconductor Manufacturing,stock
2026-01-15,0,340.6800537109375,1.0,TSM,Taiwan Semiconductor Manufacturing,stock
2026-01-16,1,341.4378967285156,1.0022245006988908,TSM,Taiwan Semiconductor Manufacturing,stock
2026-01-20,2,326.24072265625,0.9576161536391589,TSM,Taiwan Semiconductor Manufacturing,stock
2026-01-21,3,325.2036437988281,0.9545720104727913,TSM,Taiwan Semiconductor Manufacturing,stock
2026-01-22,4,326.45013427734375,0.9582308407005605,TSM,Taiwan Semiconductor Manufacturing,stock
2026-01-23,5,333.9290466308594,0.9801837324887642,TSM,Taiwan Semiconductor Manufacturing,stock
2026-01-26,6,331.7751159667969,0.9738612881877248,TSM,Taiwan Semiconductor Manufacturing,stock
2026-01-27,7,337.3893127441406,0.9903406702830069,TSM,Taiwan Semiconductor Manufacturing,stock
2026-01-28,8,341.3381652832031,1.0019317584493046,TSM,Taiwan Semiconductor Manufacturing,stock
2026-01-29,9,338.59588623046875,0.9938823319482122,TSM,Taiwan Semiconductor Manufacturing,stock
2026-01-30,10,329.63116455078125,0.9675681360273264,TSM,Taiwan Semiconductor Manufacturing,stock
2026-02-02,11,340.40081787109375,0.9991803575325232,TSM,Taiwan Semiconductor Manufacturing,stock
2026-02-03,12,334.80657958984375,0.9827595597185231,TSM,Taiwan Semiconductor Manufacturing,stock
2026-02-04,13,324.82470703125,0.95345971533414,TSM,Taiwan Semiconductor Manufacturing,stock
2026-02-05,14,329.8006896972656,0.968065744104576,TSM,Taiwan Semiconductor Manufacturing,stock
2026-02-06,15,347.8697814941406,1.0211040467584978,TSM,Taiwan Semiconductor Manufacturing,stock
2026-02-09,16,354.4113464355469,1.04030553762992,TSM,Taiwan Semiconductor Manufacturing,stock
2026-02-10,17,360.89306640625,1.0593313652359084,TSM,Taiwan Semiconductor Manufacturing,stock
2026-02-11,18,373.0388488769531,1.0949829460619718,TSM,Taiwan Semiconductor Manufacturing,stock
2026-02-12,19,367.065673828125,1.0774498531093204,TSM,Taiwan Semiconductor Manufacturing,stock
2026-02-13,20,365.33056640625,1.0723567829310845,TSM,Taiwan Semiconductor Manufacturing,stock
2026-02-17,21,363.1766662597656,1.0660344282084568,TSM,Taiwan Semiconductor Manufacturing,stock
2026-02-18,22,361.2420959472656,1.0603558735310483,TSM,Taiwan Semiconductor Manufacturing,stock
2026-02-19,23,359.3773498535156,1.054882274259715,TSM,Taiwan Semiconductor Manufacturing,stock
2026-02-20,24,369.49884033203125,1.0845919398778365,TSM,Taiwan Semiconductor Manufacturing,stock
2026-02-23,25,369.000244140625,1.083128407786729,TSM,Taiwan Semiconductor Manufacturing,stock
2026-02-24,26,384.66607666015625,1.1291124105156456,TSM,Taiwan Semiconductor Manufacturing,stock
2026-02-25,27,386.6405334472656,1.1349080441772061,TSM,Taiwan Semiconductor Manufacturing,stock
2026-02-26,28,375.751220703125,1.102944585719553,TSM,Taiwan Semiconductor Manufacturing,stock
2026-02-27,29,373.5274658203125,1.0964171860124385,TSM,Taiwan Semiconductor Manufacturing,stock
2026-03-02,30,368.07281494140625,1.0804061198537651,TSM,Taiwan Semiconductor Manufacturing,stock
2026-01-16,-7,1353.8233642578125,0.9547760449420984,ASML,ASML Holding,stock
2026-01-20,-6,1321.4368896484375,0.9319356722956206,ASML,ASML Holding,stock
2026-01-21,-5,1355.3380126953125,0.955844241933533,ASML,ASML Holding,stock
2026-01-22,-4,1390.1260986328125,0.9803783369856751,ASML,ASML Holding,stock
2026-01-23,-3,1384.18701171875,0.9761898305201477,ASML,ASML Holding,stock
2026-01-26,-2,1408.4119873046875,0.9932743535010613,ASML,ASML Holding,stock
2026-01-27,-1,1449.5079345703125,1.022257031027042,ASML,ASML Holding,stock
2026-01-28,0,1417.9486083984375,1.0,ASML,ASML Holding,stock
2026-01-29,1,1450.0760498046875,1.022657690988207,ASML,ASML Holding,stock
2026-01-30,2,1418.0283203125,1.0000562163632662,ASML,ASML Holding,stock
2026-02-02,3,1436.35400390625,1.0129802980155969,ASML,ASML Holding,stock
2026-02-03,4,1391.0030517578125,0.9809968030709803,ASML,ASML Holding,stock
2026-02-04,5,1334.4512939453125,0.9411140051490057,ASML,ASML Holding,stock
2026-02-05,6,1345.4427490234375,0.948865664844585,ASML,ASML Holding,stock
2026-02-06,7,1408.0731201171875,0.9930353693901471,ASML,ASML Holding,stock
2026-02-09,8,1424.49560546875,1.004617231563637,ASML,ASML Holding,stock
2026-02-10,9,1410.5390625,0.9947744608975593,ASML,ASML Holding,stock
2026-02-11,10,1432.5010986328125,1.0102630590052286,ASML,ASML Holding,stock
2026-02-12,11,1403.8038330078125,0.990024479514387,ASML,ASML Holding,stock
2026-02-13,12,1403.5443115234375,0.9898414534986077,ASML,ASML Holding,stock
2026-02-17,13,1416.6856689453125,0.9991093193042084,ASML,ASML Holding,stock
2026-02-18,14,1465.5189208984375,1.0335486859102252,ASML,ASML Holding,stock
2026-02-19,15,1455.7503662109375,1.0266594695947386,ASML,ASML Holding,stock
2026-02-20,16,1466.3870849609375,1.0341609535603768,ASML,ASML Holding,stock
2026-02-23,17,1482.7513427734375,1.0457017511009756,ASML,ASML Holding,stock
2026-02-24,18,1494.53564453125,1.0540125613010172,ASML,ASML Holding,stock
2026-02-25,19,1523.18310546875,1.0742160163259895,ASML,ASML Holding,stock
2026-02-26,20,1460.6097412109375,1.0300865155195473,ASML,ASML Holding,stock
2026-02-27,21,1447.398681640625,1.020769492679605,ASML,ASML Holding,stock
2026-03-02,22,1420.4375,1.0017552763103126,ASML,ASML Holding,stock
2026-03-03,23,1357.973876953125,0.9577031698539107,ASML,ASML Holding,stock
2026-03-04,24,1396.3201904296875,0.9847466841600281,ASML,ASML Holding,stock
2026-03-05,25,1365.377685546875,0.9629246627556263,ASML,ASML Holding,stock
2026-03-06,26,1289.982421875,0.9097525920435336,ASML,ASML Holding,stock
2026-03-09,27,1354.461669921875,0.9552262062951136,ASML,ASML Holding,stock
2026-03-10,28,1380.385009765625,0.973508490780043,ASML,ASML Holding,stock
2026-03-11,29,1383.6578369140625,0.9758166330702872,ASML,ASML Holding,stock
2026-03-12,30,1348.63427734375,0.9511164716096604,ASML,ASML Holding,stock
2026-02-27,-7,144.89393615722656,0.9732261993208774,ORCL,Oracle,stock
2026-03-02,-6,148.7305450439453,0.9989960029726347,ORCL,Oracle,stock
2026-03-03,-5,148.4913787841797,0.9973895667326467,ORCL,Oracle,stock
2026-03-04,-4,151.8396759033203,1.0198794691114617,ORCL,Oracle,stock
2026-03-05,-3,154.25125122070312,1.0360775816257475,ORCL,Oracle,stock
2026-03-06,-2,152.42764282226562,1.023828735899484,ORCL,Oracle,stock
2026-03-09,-1,151.03250122070312,1.0144578236693838,ORCL,Oracle,stock
2026-03-10,0,148.88002014160156,1.0,ORCL,Oracle,stock
2026-03-11,1,162.55226135253906,1.0918339559460946,ORCL,Oracle,stock
2026-03-12,2,158.60606384277344,1.0653280654578186,ORCL,Oracle,stock
2026-03-13,3,154.5701446533203,1.0382195307759012,ORCL,Oracle,stock
2026-03-16,4,155.42715454101562,1.0439759102207737,ORCL,Oracle,stock
2026-03-17,5,154.151611328125,1.0354083186011767,ORCL,Oracle,stock
2026-03-18,6,152.36782836914062,1.023426973103723,ORCL,Oracle,stock
2026-03-19,7,154.97872924804688,1.040963919138678,ORCL,Oracle,stock
2026-03-20,8,149.15904235839844,1.0018741414498165,ORCL,Oracle,stock
2026-03-23,9,153.80282592773438,1.0330655905436517,ORCL,Oracle,stock
2026-03-24,10,146.57806396484375,0.984538179303251,ORCL,Oracle,stock
2026-03-25,11,145.5117950439453,0.9773762450162709,ORCL,Oracle,stock
2026-03-26,12,142.31295776367188,0.9558902371743121,ORCL,Oracle,stock
2026-03-27,13,139.17391967773438,0.9348058896376048,ORCL,Oracle,stock
2026-03-30,14,138.31692504882812,0.9290496126832415,ORCL,Oracle,stock
2026-03-31,15,146.59799194335938,0.9846720319081652,ORCL,Oracle,stock
2026-04-01,16,144.7245330810547,0.9720883496885979,ORCL,Oracle,stock
2026-04-02,17,145.87054443359375,0.979785899376253,ORCL,Oracle,stock
2026-04-06,18,145.033447265625,0.9741632700457856,ORCL,Oracle,stock
2026-04-07,19,142.6717071533203,0.9582998915342942,ORCL,Oracle,stock
2026-04-08,20,143.16000366210938,0.9615796903167274,ORCL,Oracle,stock
2026-04-09,21,137.86000061035156,0.9259805343875643,ORCL,Oracle,stock
2026-04-10,22,138.08999633789062,0.9275253738315697,ORCL,Oracle,stock
2026-04-13,23,155.6199951171875,1.0452711852750656,ORCL,Oracle,stock
2026-04-14,24,163.0,1.09484133495528,ORCL,Oracle,stock
2026-04-15,25,169.80999755859375,1.1405828491767092,ORCL,Oracle,stock
2026-04-16,26,178.33999633789062,1.1978772985674595,ORCL,Oracle,stock
2026-04-17,27,175.05999755859375,1.1758461437074774,ORCL,Oracle,stock
2026-04-20,28,177.5800018310547,1.1927725537795886,ORCL,Oracle,stock
2026-04-21,29,181.1699981689453,1.216885905822906,ORCL,Oracle,stock
2026-04-22,30,187.5,1.2594033760988648,ORCL,Oracle,stock
2026-02-17,-7,115.73190307617188,0.9558666004687834,DELL,Dell Technologies,stock
2026-02-18,-6,116.4197769165039,0.9615479693206964,DELL,Dell Technologies,stock
2026-02-19,-5,118.69274139404297,0.9803211059440662,DELL,Dell Technologies,stock
2026-02-20,-4,121.8928451538086,1.0067517808114903,DELL,Dell Technologies,stock
2026-02-23,-3,118.77249908447266,0.9809798500793121,DELL,Dell Technologies,stock
2026-02-24,-2,119.4105224609375,0.9862494880932974,DELL,Dell Technologies,stock
2026-02-25,-1,123.09911346435547,1.0167147344881162,DELL,Dell Technologies,stock
2026-02-26,0,121.07537078857422,1.0,DELL,Dell Technologies,stock
2026-02-27,1,147.62322998046875,1.2192672136288831,DELL,Dell Technologies,stock
2026-03-02,2,153.0763702392578,1.26430643360626,DELL,Dell Technologies,stock
2026-03-03,3,144.732177734375,1.1953890935185412,DELL,Dell Technologies,stock
2026-03-04,4,146.64625549316406,1.2111980705740935,DELL,Dell Technologies,stock
2026-03-05,5,146.06805419921875,1.2064225221683407,DELL,Dell Technologies,stock
2026-03-06,6,146.02816772460938,1.2060930870871216,DELL,Dell Technologies,stock
2026-03-09,7,146.05807495117188,1.2063401003844396,DELL,Dell Technologies,stock
2026-03-10,8,143.35643005371094,1.184026355814715,DELL,Dell Technologies,stock
2026-03-11,9,146.91542053222656,1.2134211902499568,DELL,Dell Technologies,stock
2026-03-12,10,149.4475860595703,1.2343351507924811,DELL,Dell Technologies,stock
2026-03-13,11,151.15231323242188,1.2484150347668066,DELL,Dell Technologies,stock
2026-03-16,12,156.05712890625,1.2889254675813637,DELL,Dell Technologies,stock
2026-03-17,13,152.53802490234375,1.2598600682273413,DELL,Dell Technologies,stock
2026-03-18,14,148.749755859375,1.2285715491974556,DELL,Dell Technologies,stock
2026-03-19,15,156.27645874023438,1.2907369824464916,DELL,Dell Technologies,stock
2026-03-20,16,157.18365478515625,1.2982298031499362,DELL,Dell Technologies,stock
2026-03-23,17,164.08230590820312,1.3552079571552915,DELL,Dell Technologies,stock
2026-03-24,18,176.3643035888672,1.4566488827594863,DELL,Dell Technologies,stock
2026-03-25,19,183.44239807128906,1.5151091165487505,DELL,Dell Technologies,stock
2026-03-26,20,175.27767944335938,1.4476741082993254,DELL,Dell Technologies,stock
2026-03-27,21,171.280029296875,1.414656244133828,DELL,Dell Technologies,stock
2026-03-30,22,164.152099609375,1.3557844055338288,DELL,Dell Technologies,stock
2026-03-31,23,163.6237335205078,1.351420461938811,DELL,Dell Technologies,stock
2026-04-01,24,168.85752868652344,1.3946480410238675,DELL,Dell Technologies,stock
2026-04-02,25,173.83213806152344,1.435734922216962,DELL,Dell Technologies,stock
2026-04-06,26,172.6457977294922,1.425936560053753,DELL,Dell Technologies,stock
2026-04-07,27,177.14190673828125,1.46307135451695,DELL,Dell Technologies,stock
2026-04-08,28,184.8979034423828,1.5271305983878223,DELL,Dell Technologies,stock
2026-04-09,29,180.9002685546875,1.4941128602495175,DELL,Dell Technologies,stock
2026-04-10,30,177.25155639648438,1.4639769859223215,DELL,Dell Technologies,stock
2026-02-05,-7,128.6699981689453,0.9024407105942419,ANET,Arista Networks,stock
2026-02-06,-6,137.49000549316406,0.9643007695853318,ANET,Arista Networks,stock
2026-02-09,-5,141.74000549316406,0.9941085963872693,ANET,Arista Networks,stock
2026-02-10,-4,143.4499969482422,1.0061018032403897,ANET,Arista Networks,stock
2026-02-11,-3,140.66000366210938,0.9865338887341273,ANET,Arista Networks,stock
2026-02-12,-2,135.1199951171875,0.9476784498662957,ANET,Arista Networks,stock
2026-02-13,-1,141.58999633789062,0.9930564912298351,ANET,Arista Networks,stock
2026-02-17,0,142.5800018310547,1.0,ANET,Arista Networks,stock
2026-02-18,1,139.5399932861328,0.9786785768980139,ANET,Arista Networks,stock
2026-02-19,2,137.22999572753906,0.9624771634534348,ANET,Arista Networks,stock
2026-02-20,3,132.7899932861328,0.9313367343302309,ANET,Arista Networks,stock
2026-02-23,4,127.43000030517578,0.8937438537570621,ANET,Arista Networks,stock
2026-02-24,5,128.77000427246094,0.9031421140325314,ANET,Arista Networks,stock
2026-02-25,6,132.88999938964844,0.9320381377685204,ANET,Arista Networks,stock
2026-02-26,7,130.25,0.9135222214005531,ANET,Arista Networks,stock
2026-02-27,8,133.5,0.9363164418961523,ANET,Arista Networks,stock
2026-03-02,9,129.3000030517578,0.9068593168133596,ANET,Arista Networks,stock
2026-03-03,10,124.5999984741211,0.8738953350678282,ANET,Arista Networks,stock
2026-03-04,11,134.8300018310547,0.9456445511258788,ANET,Arista Networks,stock
2026-03-05,12,139.39999389648438,0.9776966762958921,ANET,Arista Networks,stock
2026-03-06,13,132.88999938964844,0.9320381377685204,ANET,Arista Networks,stock
2026-03-09,14,137.1699981689453,0.9620563641981168,ANET,Arista Networks,stock
2026-03-10,15,139.6199951171875,0.9792396782448176,ANET,Arista Networks,stock
2026-03-11,16,138.22999572753906,0.9694907697597731,ANET,Arista Networks,stock
2026-03-12,17,134.02999877929688,0.9400336446769804,ANET,Arista Networks,stock
2026-03-13,18,133.57000732421875,0.9368074457067828,ANET,Arista Networks,stock
2026-03-16,19,135.35000610351562,0.9492916563705337,ANET,Arista Networks,stock
2026-03-17,20,133.07000732421875,0.9333006425536137,ANET,Arista Networks,stock
2026-03-18,21,136.07000732421875,0.9543414614726283,ANET,Arista Networks,stock
2026-03-19,22,136.25999450683594,0.9556739567747556,ANET,Arista Networks,stock
2026-03-20,23,131.22000122070312,0.9203254280792322,ANET,Arista Networks,stock
2026-03-23,24,135.8800048828125,0.9530088591513618,ANET,Arista Networks,stock
2026-03-24,25,130.8000030517578,0.9173797262728669,ANET,Arista Networks,stock
2026-03-25,26,135.00999450683594,0.9469069488918329,ANET,Arista Networks,stock
2026-03-26,27,122.55000305175781,0.8595174742455766,ANET,Arista Networks,stock
2026-03-27,28,120.7699966430664,0.8470332100722561,ANET,Arista Networks,stock
2026-03-30,29,116.12999725341797,0.8144900810916124,ANET,Arista Networks,stock
2026-03-31,30,122.77999877929688,0.8611305737306755,ANET,Arista Networks,stock
2026-02-06,-7,195.53346252441406,0.8041610099089953,VRT,Vertiv,stock
2026-02-09,-6,201.95193481445312,0.8305579503211064,VRT,Vertiv,stock
2026-02-10,-5,199.57249450683594,0.8207721413036208,VRT,Vertiv,stock
2026-02-11,-4,248.45086669921875,1.021791857507064,VRT,Vertiv,stock
2026-02-12,-3,236.45372009277344,0.9724517731731063,VRT,Vertiv,stock
2026-02-13,-2,234.4741973876953,0.9643106859284887,VRT,Vertiv,stock
2026-02-17,-1,243.4720458984375,1.0013157021133943,VRT,Vertiv,stock
2026-02-18,0,243.15213012695312,1.0,VRT,Vertiv,stock
2026-02-19,1,243.00216674804688,0.9993832528679557,VRT,Vertiv,stock
2026-02-20,2,243.69200134277344,1.002220302226176,VRT,Vertiv,stock
2026-02-23,3,245.36160278320312,1.009086791282052,VRT,Vertiv,stock
2026-02-24,4,253.08975219726562,1.0408699774298664,VRT,Vertiv,stock
2026-02-25,5,262.12762451171875,1.078039597575634,VRT,Vertiv,stock
2026-02-26,6,259.1683349609375,1.0658690706333607,VRT,Vertiv,stock
2026-02-27,7,254.829345703125,1.0480243194664798,VRT,Vertiv,stock
2026-03-02,8,257.68865966796875,1.0597836816540571,VRT,Vertiv,stock
2026-03-03,9,244.3818359375,1.0050573515843964,VRT,Vertiv,stock
2026-03-04,10,251.22021484375,1.0331812216186813,VRT,Vertiv,stock
2026-03-05,11,249.69056701660156,1.026890313016113,VRT,Vertiv,stock
2026-03-06,12,241.72247314453125,0.9941203189062114,VRT,Vertiv,stock
2026-03-09,13,264.287109375,1.0869208064803382,VRT,Vertiv,stock
2026-03-10,14,269.9957275390625,1.110398364176756,VRT,Vertiv,stock
2026-03-11,15,268.1961669921875,1.102997398592225,VRT,Vertiv,stock
2026-03-12,16,265.3168640136719,1.091155828555342,VRT,Vertiv,stock
2026-03-13,17,258.81842041015625,1.064429993991924,VRT,Vertiv,stock
2026-03-16,18,264.677001953125,1.0885242988203865,VRT,Vertiv,stock
2026-03-17,19,268.4100036621094,1.1038768343175474,VRT,Vertiv,stock
2026-03-18,20,264.7099914550781,1.0886599731487827,VRT,Vertiv,stock
2026-03-19,21,269.1700134277344,1.1070024897055064,VRT,Vertiv,stock
2026-03-20,22,255.8800048828125,1.052345314635796,VRT,Vertiv,stock
2026-03-23,23,256.0,1.0528388127479649,VRT,Vertiv,stock
2026-03-24,24,270.8900146484375,1.1140762554989834,VRT,Vertiv,stock
2026-03-25,25,276.1600036621094,1.135749884312847,VRT,Vertiv,stock
2026-03-26,26,252.39999389648438,1.0380332418420632,VRT,Vertiv,stock
2026-03-27,27,251.07000732421875,1.032563470421302,VRT,Vertiv,stock
2026-03-30,28,234.22000122070312,0.9632652656524686,VRT,Vertiv,stock
2026-03-31,29,250.5800018310547,1.0305482485398065,VRT,Vertiv,stock
2026-04-01,30,259.3699951171875,1.0666984286000982,VRT,Vertiv,stock
2026-02-13,-7,189.2467041015625,0.9894133134766814,CRM,Salesforce,stock
2026-02-17,-6,183.83023071289062,0.9610950877602217,CRM,Salesforce,stock
2026-02-18,-5,187.32150268554688,0.9793480395731118,CRM,Salesforce,stock
2026-02-19,-4,184.82774353027344,0.9663102510391157,CRM,Salesforce,stock
2026-02-20,-3,184.6980743408203,0.9656323189028508,CRM,Salesforce,stock
2026-02-23,-2,177.71554565429688,0.9291264950525633,CRM,Salesforce,stock
2026-02-24,-1,184.95742797851562,0.9669882629508731,CRM,Salesforce,stock
2026-02-25,0,191.27163696289062,1.0,CRM,Salesforce,stock
2026-02-26,1,198.9723663330078,1.0402606967368153,CRM,Salesforce,stock
2026-02-27,2,194.30404663085938,1.015853943198892,CRM,Salesforce,stock
2026-03-02,3,192.4686279296875,1.0062580682938846,CRM,Salesforce,stock
2026-03-03,4,195.5609130859375,1.0224250505258083,CRM,Salesforce,stock
2026-03-04,5,192.5983123779297,1.0069360802056422,CRM,Salesforce,stock
2026-03-05,6,200.88758850097656,1.050273797468213,CRM,Salesforce,stock
2026-03-06,7,201.6057891845703,1.0540286703547408,CRM,Salesforce,stock
2026-03-09,8,198.2940673828125,1.0367144367634826,CRM,Salesforce,stock
2026-03-10,9,194.4237518310547,1.0164797819384774,CRM,Salesforce,stock
2026-03-11,10,193.6457061767578,1.0124120295699033,CRM,Salesforce,stock
2026-03-12,11,198.7828369140625,1.0392698053430114,CRM,Salesforce,stock
2026-03-13,12,192.34893798828125,1.0056323093297916,CRM,Salesforce,stock
2026-03-16,13,197.84518432617188,1.0343676013216565,CRM,Salesforce,stock
2026-03-17,14,194.82275390625,1.0185658312949366,CRM,Salesforce,stock
2026-03-18,15,193.85516357421875,1.0135071077570657,CRM,Salesforce,stock
2026-03-19,16,194.50355529785156,1.0168970077648678,CRM,Salesforce,stock
2026-03-20,17,194.892578125,1.0189308839491549,CRM,Salesforce,stock
2026-03-23,18,194.6930694580078,1.017887819383179,CRM,Salesforce,stock
2026-03-24,19,182.56341552734375,0.9544719668121187,CRM,Salesforce,stock
2026-03-25,20,181.5060577392578,0.9489439240511782,CRM,Salesforce,stock
2026-03-26,21,185.1768798828125,0.9681355940857003,CRM,Salesforce,stock
2026-03-27,22,178.8626708984375,0.9351238570365734,CRM,Salesforce,stock
2026-03-30,23,184.56838989257812,0.9649543069910934,CRM,Salesforce,stock
2026-03-31,24,186.2042999267578,0.9735071173301248,CRM,Salesforce,stock
2026-04-01,25,185.77537536621094,0.9712646282326426,CRM,Salesforce,stock
2026-04-02,26,186.71302795410156,0.9761668322539975,CRM,Salesforce,stock
2026-04-06,27,184.56838989257812,0.9649543069910934,CRM,Salesforce,stock
2026-04-07,28,182.50357055664062,0.9541590873300723,CRM,Salesforce,stock
2026-04-08,29,175.92999267578125,0.9197913264574304,CRM,Salesforce,stock
2026-04-09,30,170.85000610351562,0.8932323099041752,CRM,Salesforce,stock
2026-01-21,-7,336.9094543457031,0.961698190588888,ETN,Eaton,stock
2026-01-22,-6,333.00164794921875,0.9505434714434451,ETN,Eaton,stock
2026-01-23,-5,330.1903991699219,0.9425188439672126,ETN,Eaton,stock
2026-01-26,-4,331.2471008300781,0.9455351679719459,ETN,Eaton,stock
2026-01-27,-3,340.1294250488281,0.9708895028509863,ETN,Eaton,stock
2026-01-28,-2,346.2403564453125,0.9883329779182712,ETN,Eaton,stock
2026-01-29,-1,353.2684326171875,1.0083944159415503,ETN,Eaton,stock
2026-01-30,0,350.32763671875,1.0,ETN,Eaton,stock
2026-02-02,1,358.32269287109375,1.0228216541156367,ETN,Eaton,stock
2026-02-03,2,361.403076171875,1.031614518217461,ETN,Eaton,stock
2026-02-04,3,363.8653869628906,1.0386431124045432,ETN,Eaton,stock
2026-02-05,4,353.5675354003906,1.009248196094337,ETN,Eaton,stock
2026-02-06,5,372.6579895019531,1.063741339371208,ETN,Eaton,stock
2026-02-09,6,375.8879089355469,1.0729610499936584,ETN,Eaton,stock
2026-02-10,7,376.296630859375,1.0741277347795242,ETN,Eaton,stock
2026-02-11,8,394.8587646484375,1.1271128031655635,ETN,Eaton,stock
2026-02-12,9,389.11663818359375,1.1107220709965977,ETN,Eaton,stock
2026-02-13,10,388.0400085449219,1.107648863159626,ETN,Eaton,stock
2026-02-17,11,390.2730407714844,1.1140229883855932,ETN,Eaton,stock
2026-02-18,12,379.1976013183594,1.0824084701681322,ETN,Eaton,stock
2026-02-19,13,376.1470947265625,1.0737008882588983,ETN,Eaton,stock
2026-02-20,14,372.2193603515625,1.0624892852812169,ETN,Eaton,stock
2026-02-23,15,360.924560546875,1.030248609351458,ETN,Eaton,stock
2026-02-24,16,373.39569091796875,1.065847086502451,ETN,Eaton,stock
2026-02-25,17,372.3688659667969,1.062916044690308,ETN,Eaton,stock
2026-02-26,18,373.4255676269531,1.0659323686950413,ETN,Eaton,stock
2026-02-27,19,374.75146484375,1.069717103548436,ETN,Eaton,stock
2026-03-02,20,376.2268371582031,1.0739285106993872,ETN,Eaton,stock
2026-03-03,21,354.4547424316406,1.011780702634671,ETN,Eaton,stock
2026-03-04,22,353.358154296875,1.0086505238539258,ETN,Eaton,stock
2026-03-05,23,353.6871337890625,1.0095895861993027,ETN,Eaton,stock
2026-03-06,24,346.66900634765625,0.9895565465363757,ETN,Eaton,stock
2026-03-09,25,352.7699890136719,1.0069716232433088,ETN,Eaton,stock
2026-03-10,26,361.05999755859375,1.0306352103429965,ETN,Eaton,stock
2026-03-11,27,355.7900085449219,1.015592180729256,ETN,Eaton,stock
2026-03-12,28,348.6400146484375,0.9951827321243646,ETN,Eaton,stock
2026-03-13,29,355.3999938964844,1.0144788953142356,ETN,Eaton,stock
2026-03-16,30,361.0400085449219,1.0305781522876882,ETN,Eaton,stock
2026-02-09,-7,271.7857666015625,0.9331069509892004,CEG,Constellation Energy,stock
2026-02-10,-6,270.77716064453125,0.9296441602732514,CEG,Constellation Energy,stock
2026-02-11,-5,276.4794921875,0.9492216578961844,CEG,Constellation Energy,stock
2026-02-12,-4,275.7504577636719,0.946718704570517,CEG,Constellation Energy,stock
2026-02-13,-3,288.0439758300781,0.9889253561671465,CEG,Constellation Energy,stock
2026-02-17,-2,302.6044921875,1.0389151668661745,CEG,Constellation Energy,stock
2026-02-18,-1,293.6564636230469,1.0081943982418873,CEG,Constellation Energy,stock
2026-02-19,0,291.2696838378906,1.0,CEG,Constellation Energy,stock
2026-02-20,1,294.4454040527344,1.0109030235244505,CEG,Constellation Energy,stock
2026-02-23,2,293.40679931640625,1.007337239668599,CEG,Constellation Energy,stock
2026-02-24,3,312.22161865234375,1.07193311208493,CEG,Constellation Energy,stock
2026-02-25,4,325.4039306640625,1.1171912104837167,CEG,Constellation Energy,stock
2026-02-26,5,323.1269836425781,1.1093738949585226,CEG,Constellation Energy,stock
2026-02-27,6,329.43853759765625,1.131043001993331,CEG,Constellation Energy,stock
2026-03-02,7,326.72216796875,1.121717041278456,CEG,Constellation Energy,stock
2026-03-03,8,324.4352111816406,1.11386535978186,CEG,Constellation Energy,stock
2026-03-04,9,322.4179382324219,1.1069395688013557,CEG,Constellation Energy,stock
2026-03-05,10,331.6256103515625,1.1385517571960302,CEG,Constellation Energy,stock
2026-03-06,11,318.63299560546875,1.0939449358650297,CEG,Constellation Energy,stock
2026-03-09,12,322.989990234375,1.1089035631121111,CEG,Constellation Energy,stock
2026-03-10,13,317.0899963378906,1.0886474423282946,CEG,Constellation Energy,stock
2026-03-11,14,300.69000244140625,1.0323422557383577,CEG,Constellation Energy,stock
2026-03-12,15,301.54998779296875,1.0352947955984315,CEG,Constellation Energy,stock
2026-03-13,16,301.7699890136719,1.0360501135491509,CEG,Constellation Energy,stock
2026-03-16,17,305.5799865722656,1.0491307661882847,CEG,Constellation Energy,stock
2026-03-17,18,307.69000244140625,1.056374966275771,CEG,Constellation Energy,stock
2026-03-18,19,317.2200012207031,1.0890937808593064,CEG,Constellation Energy,stock
2026-03-19,20,316.4700012207031,1.0865188475874408,CEG,Constellation Energy,stock
2026-03-20,21,281.989990234375,0.9681405442501172,CEG,Constellation Energy,stock
2026-03-23,22,289.760009765625,0.9948169200022002,CEG,Constellation Energy,stock
2026-03-24,23,294.8500061035156,1.012292121234346,CEG,Constellation Energy,stock
2026-03-25,24,303.32000732421875,1.0413717051755886,CEG,Constellation Energy,stock
2026-03-26,25,295.19000244140625,1.0134594117446756,CEG,Constellation Energy,stock
2026-03-27,26,301.489990234375,1.0350888093186266,CEG,Constellation Energy,stock
2026-03-30,27,298.6099853515625,1.0252010487907737,CEG,Constellation Energy,stock
2026-03-31,28,279.25,0.958733488224678,CEG,Constellation Energy,stock
2026-04-01,29,279.4599914550781,0.9594544402039956,CEG,Constellation Energy,stock
2026-04-02,30,272.82000732421875,0.9366577521197151,CEG,Constellation Energy,stock
2026-02-02,-7,805.9871215820312,0.9341340133178169,EQIX,Equinix,stock
2026-02-03,-6,797.4835205078125,0.9242783930648261,EQIX,Equinix,stock
2026-02-04,-5,797.7818603515625,0.9246241670705295,EQIX,Equinix,stock
2026-02-05,-4,803.1824340820312,0.9308833981152629,EQIX,Equinix,stock
2026-02-06,-3,843.5225830078125,0.9776373774343272,EQIX,Equinix,stock
2026-02-09,-2,853.0903930664062,0.988726409218301,EQIX,Equinix,stock
2026-02-10,-1,852.0958251953125,0.9875737113003514,EQIX,Equinix,stock
2026-02-11,0,862.8174438476562,1.0,EQIX,Equinix,stock
2026-02-12,1,952.6776123046875,1.1041473710317073,EQIX,Equinix,stock
2026-02-13,2,951.0067138671875,1.102210810233807,EQIX,Equinix,stock
2026-02-17,3,946.8095703125,1.0973463472067608,EQIX,Equinix,stock
2026-02-18,4,919.2299194335938,1.0653817050039822,EQIX,Equinix,stock
2026-02-19,5,913.0536499023438,1.0582234473965475,EQIX,Equinix,stock
2026-02-20,6,923.0789184570312,1.069842670705224,EQIX,Equinix,stock
2026-02-23,7,940.513916015625,1.0900497234055542,EQIX,Equinix,stock
2026-02-24,8,946.739990234375,1.0972657043330902,EQIX,Equinix,stock
2026-02-25,9,960.52001953125,1.113236671766739,EQIX,Equinix,stock
2026-02-26,10,948.02001953125,1.0987492502511778,EQIX,Equinix,stock
2026-02-27,11,974.260009765625,1.1291612341783457,EQIX,Equinix,stock
2026-03-02,12,966.0999755859375,1.1197038057989441,EQIX,Equinix,stock
2026-03-03,13,972.010009765625,1.1265534983055447,EQIX,Equinix,stock
2026-03-04,14,969.0399780273438,1.1231112501689786,EQIX,Equinix,stock
2026-03-05,15,953.0,1.1045210163463812,EQIX,Equinix,stock
2026-03-06,16,937.2000122070312,1.0862089296985846,EQIX,Equinix,stock
2026-03-09,17,944.9099731445312,1.0951447260161904,EQIX,Equinix,stock
2026-03-10,18,956.0700073242188,1.1080791355593267,EQIX,Equinix,stock
2026-03-11,19,973.4299926757812,1.128199249582691,EQIX,Equinix,stock
2026-03-12,20,971.469970703125,1.12592759642288,EQIX,Equinix,stock
2026-03-13,21,969.9000244140625,1.124108038531165,EQIX,Equinix,stock
2026-03-16,22,984.4600219726562,1.1409829842829162,EQIX,Equinix,stock
2026-03-17,23,976.8800048828125,1.1321977920688582,EQIX,Equinix,stock
2026-03-18,24,973.5599975585938,1.1283499244256017,EQIX,Equinix,stock
2026-03-19,25,974.760009765625,1.1297407310389682,EQIX,Equinix,stock
2026-03-20,26,959.1599731445312,1.11166038654393,EQIX,Equinix,stock
2026-03-23,27,966.9600219726562,1.1207005941611305,EQIX,Equinix,stock
2026-03-24,28,964.530029296875,1.117884247907229,EQIX,Equinix,stock
2026-03-25,29,965.9500122070312,1.1195299991843752,EQIX,Equinix,stock
2026-03-26,30,963.3900146484375,1.1165629780875628,EQIX,Equinix,stock
